{
    "variants": {
        "": [
            { "model": "block/smooth_red_sandstone", "weight": 19 },
			{ "model": "block/smooth_red_sandstone1", "weight": 1 },
			{ "model": "block/smooth_red_sandstone2", "weight": 20 },
			{ "model": "block/smooth_red_sandstone3", "weight": 20 },
			{ "model": "block/smooth_red_sandstone4", "weight": 20 },
            { "model": "block/smooth_red_sandstone_mirrored" },
            { "model": "block/smooth_red_sandstone", "y": 180 },
            { "model": "block/smooth_red_sandstone_mirrored", "y": 180 }
        ]
    }
}
