{
    "multipart": [
        {   "when": { "up": "true" },
            "apply": [
			{ "model": "block/cobblestone_wall_post", "weight": 40 },
			{ "model": "block/cobblestone_wall_post1", "weight": 25 },
			{ "model": "block/cobblestone_wall_post2", "weight": 10 },
			{ "model": "block/cobblestone_wall_post3", "weight": 25 },
			{ "model": "block/cobblestone_wall_post4", "weight": 25 }]
        },
        {   "when": { "north": "true" },
            "apply": [
			{ "model": "block/cobblestone_wall_side", "uvlock": true, "weight": 40 },
			{ "model": "block/cobblestone_wall_side1", "uvlock": true, "weight": 25 },
			{ "model": "block/cobblestone_wall_side2", "uvlock": true, "weight": 10 },
			{ "model": "block/cobblestone_wall_side3", "uvlock": true, "weight": 25 },
			{ "model": "block/cobblestone_wall_side4", "uvlock": true, "weight": 25 }]
        },
        {   "when": { "east": "true" },
            "apply": [
			{ "model": "block/cobblestone_wall_side", "y": 90, "uvlock": true, "weight": 40 },
			{ "model": "block/cobblestone_wall_side1", "y": 90, "uvlock": true, "weight": 25 },
			{ "model": "block/cobblestone_wall_side2", "y": 90, "uvlock": true, "weight": 10 },
			{ "model": "block/cobblestone_wall_side3", "y": 90, "uvlock": true, "weight": 25 },
			{ "model": "block/cobblestone_wall_side4", "y": 90, "uvlock": true, "weight": 25 }]
        },
        {   "when": { "south": "true" },
            "apply": [
			{ "model": "block/cobblestone_wall_side", "y": 180, "uvlock": true, "weight": 40 },
			{ "model": "block/cobblestone_wall_side1", "y": 180, "uvlock": true, "weight": 25 },
			{ "model": "block/cobblestone_wall_side2", "y": 180, "uvlock": true, "weight": 10 },
			{ "model": "block/cobblestone_wall_side3", "y": 180, "uvlock": true, "weight": 25 },
			{ "model": "block/cobblestone_wall_side4", "y": 180, "uvlock": true, "weight": 25 }]
        },
        {   "when": { "west": "true" },
            "apply": [
			{ "model": "block/cobblestone_wall_side", "y": 270, "uvlock": true, "weight": 40 },
			{ "model": "block/cobblestone_wall_side1", "y": 270, "uvlock": true, "weight": 25 },
			{ "model": "block/cobblestone_wall_side2", "y": 270, "uvlock": true, "weight": 10 },
			{ "model": "block/cobblestone_wall_side3", "y": 270, "uvlock": true, "weight": 25 },
			{ "model": "block/cobblestone_wall_side4", "y": 270, "uvlock": true, "weight": 25 }]
        }
    ]
}
