{
    "variants": {
        "type=bottom": [
			{ "model": "block/half_slab_cobblestone", "weight": 40 },
            { "model": "block/half_slab_cobblestone1", "weight": 25 },
			{ "model": "block/half_slab_cobblestone2", "weight": 10 },
			{ "model": "block/half_slab_cobblestone3", "weight": 25 },
			{ "model": "block/half_slab_cobblestone4", "weight": 25 }
        ],
        "type=top": [
			{ "model": "block/upper_slab_cobblestone", "weight": 40 },
            { "model": "block/upper_slab_cobblestone1", "weight": 25 },
			{ "model": "block/upper_slab_cobblestone2", "weight": 10 },
			{ "model": "block/upper_slab_cobblestone3", "weight": 25 },
			{ "model": "block/upper_slab_cobblestone4", "weight": 25 }
        ],
        "type=double": [
			{ "model": "block/cobblestone_double_slab"}
		]
    }
}
