{
    "variants": {
        "": [
            { "model": "block/dirt", "weight": 25 },
            { "model": "block/dirt", "y": 90, "weight": 25  },
            { "model": "block/dirt", "y": 180, "weight": 25  },
            { "model": "block/dirt", "y": 270, "weight": 25  },
            { "model": "block/dirt", "x": 90, "weight": 25  },
            { "model": "block/dirt", "x": 180, "weight": 25  },
            { "model": "block/dirt", "x": 270, "weight": 25  },
            { "model": "block/dirt", "z": 90, "weight": 25  },
            { "model": "block/dirt", "z": 180, "weight": 25  },
            { "model": "block/dirt", "z": 270, "weight": 25  },
			{ "model": "block/dirt1", "weight": 50 },
			{ "model": "block/dirt1", "y": 90, "weight": 50  },
            { "model": "block/dirt1", "y": 180, "weight": 50  },
            { "model": "block/dirt1", "y": 270, "weight": 50  },
			{ "model": "block/dirt1", "x": 90, "weight": 50  },
            { "model": "block/dirt1", "x": 180, "weight": 50  },
            { "model": "block/dirt1", "x": 270, "weight": 50  },
			{ "model": "block/dirt1", "z": 90, "weight": 50  },
            { "model": "block/dirt1", "z": 180, "weight": 50  },
            { "model": "block/dirt1", "z": 270, "weight": 50  },
			{ "model": "block/dirt2", "weight": 25 },
			{ "model": "block/dirt2", "y": 90, "weight": 25  },
            { "model": "block/dirt2", "y": 180, "weight": 25  },
            { "model": "block/dirt2", "y": 270, "weight": 25  },
			{ "model": "block/dirt2", "x": 90, "weight": 25  },
            { "model": "block/dirt2", "x": 180, "weight": 25  },
            { "model": "block/dirt2", "x": 270, "weight": 25  },
			{ "model": "block/dirt2", "z": 90, "weight": 25  },
            { "model": "block/dirt2", "z": 180, "weight": 25  },
            { "model": "block/dirt2", "z": 270, "weight": 25  }
        ]
    }
}
