{
    "variants": {
        "type=bottom": [
				{ "model": "block/sandstone_slab" },
				{ "model": "block/sandstone_slab1" },
				{ "model": "block/sandstone_slab2" },
				{ "model": "block/sandstone_slab3" },
				{ "model": "block/sandstone_slab4" },
				{ "model": "block/sandstone_slab5" }
			],
        "type=top": [
				{ "model": "block/sandstone_slab_top" },
				{ "model": "block/sandstone_slab_top1" },
				{ "model": "block/sandstone_slab_top2" },
				{ "model": "block/sandstone_slab_top3" },
				{ "model": "block/sandstone_slab_top4" },
				{ "model": "block/sandstone_slab_top5" }
			],
        "type=double": [
				{ "model": "block/sandstone", "weight": 75 },
				{ "model": "block/sandstone1", "weight": 5 },
				{ "model": "block/sandstone2", "weight": 5 },
				{ "model": "block/sandstone3", "weight": 5 },
				{ "model": "block/sandstone4", "weight": 5 },
				{ "model": "block/sandstone5", "weight": 5 }
			]
    }
}
