{
    "variants": {
        "facing=east,half=bottom,shape=straight":  [ { "model": "block/sandstone_stairs", "weight": 40 },
				{ "model": "block/sandstone_stairs1", "weight": 25 },
				{ "model": "block/sandstone_stairs2", "weight": 10 },
				{ "model": "block/sandstone_stairs3", "weight": 25 },
				{ "model": "block/sandstone_stairs4", "weight": 25 }
				],
        "facing=west,half=bottom,shape=straight":  [ { "model": "block/sandstone_stairs", "weight": 40, "y": 180, "uvlock": true },
				{ "model": "block/sandstone_stairs1", "weight": 25, "y": 180, "uvlock": true },
				{ "model": "block/sandstone_stairs2", "weight": 10, "y": 180, "uvlock": true },
				{ "model": "block/sandstone_stairs3", "weight": 25, "y": 180, "uvlock": true },
				{ "model": "block/sandstone_stairs4", "weight": 25, "y": 180, "uvlock": true }
				],
        "facing=south,half=bottom,shape=straight": [ { "model": "block/sandstone_stairs", "weight": 40, "y": 90, "uvlock": true },
				{ "model": "block/sandstone_stairs1", "weight": 25, "y": 90, "uvlock": true },
				{ "model": "block/sandstone_stairs2", "weight": 10, "y": 90, "uvlock": true },
				{ "model": "block/sandstone_stairs3", "weight": 25, "y": 90, "uvlock": true },
				{ "model": "block/sandstone_stairs4", "weight": 25, "y": 90, "uvlock": true }
				],
        "facing=north,half=bottom,shape=straight": [ { "model": "block/sandstone_stairs", "weight": 40, "y": 270, "uvlock": true },
				{ "model": "block/sandstone_stairs1", "weight": 25, "y": 270, "uvlock": true },
				{ "model": "block/sandstone_stairs2", "weight": 10, "y": 270, "uvlock": true },
				{ "model": "block/sandstone_stairs3", "weight": 25, "y": 270, "uvlock": true },
				{ "model": "block/sandstone_stairs4", "weight": 25, "y": 270, "uvlock": true }
				],
        "facing=east,half=bottom,shape=outer_right":  [ { "model": "block/sandstone_stairs_outer", "weight": 40 },
				{ "model": "block/sandstone_stairs_outer1", "weight": 25 },
				{ "model": "block/sandstone_stairs_outer2", "weight": 10 },
				{ "model": "block/sandstone_stairs_outer3", "weight": 25 },
				{ "model": "block/sandstone_stairs_outer4", "weight": 25 }
				],
        "facing=west,half=bottom,shape=outer_right":  [ { "model": "block/sandstone_stairs_outer", "weight": 40, "y": 180, "uvlock": true },
				{ "model": "block/sandstone_stairs_outer1", "weight": 25, "y": 180, "uvlock": true },
				{ "model": "block/sandstone_stairs_outer2", "weight": 10, "y": 180, "uvlock": true },
				{ "model": "block/sandstone_stairs_outer3", "weight": 25, "y": 180, "uvlock": true },
				{ "model": "block/sandstone_stairs_outer4", "weight": 25, "y": 180, "uvlock": true }
				],
        "facing=south,half=bottom,shape=outer_right": [ { "model": "block/sandstone_stairs_outer", "weight": 40, "y": 90, "uvlock": true },
				{ "model": "block/sandstone_stairs_outer1", "weight": 25, "y": 90, "uvlock": true },
				{ "model": "block/sandstone_stairs_outer2", "weight": 10, "y": 90, "uvlock": true },
				{ "model": "block/sandstone_stairs_outer3", "weight": 25, "y": 90, "uvlock": true },
				{ "model": "block/sandstone_stairs_outer4", "weight": 25, "y": 90, "uvlock": true }
				],
        "facing=north,half=bottom,shape=outer_right": [ { "model": "block/sandstone_stairs_outer", "weight": 40, "y": 270, "uvlock": true },
				{ "model": "block/sandstone_stairs_outer1", "weight": 25, "y": 270, "uvlock": true },
				{ "model": "block/sandstone_stairs_outer2", "weight": 10, "y": 270, "uvlock": true },
				{ "model": "block/sandstone_stairs_outer3", "weight": 25, "y": 270, "uvlock": true },
				{ "model": "block/sandstone_stairs_outer4", "weight": 25, "y": 270, "uvlock": true }
				],
        "facing=east,half=bottom,shape=outer_left":  [ { "model": "block/sandstone_stairs_outer", "weight": 40, "y": 270, "uvlock": true },
				{ "model": "block/sandstone_stairs_outer1", "weight": 25, "y": 270, "uvlock": true },
				{ "model": "block/sandstone_stairs_outer2", "weight": 10, "y": 270, "uvlock": true },
				{ "model": "block/sandstone_stairs_outer3", "weight": 25, "y": 270, "uvlock": true },
				{ "model": "block/sandstone_stairs_outer4", "weight": 25, "y": 270, "uvlock": true }
				],
        "facing=west,half=bottom,shape=outer_left":  [ { "model": "block/sandstone_stairs_outer", "weight": 40, "y": 90, "uvlock": true },
				{ "model": "block/sandstone_stairs_outer1", "weight": 25, "y": 90, "uvlock": true },
				{ "model": "block/sandstone_stairs_outer2", "weight": 10, "y": 90, "uvlock": true },
				{ "model": "block/sandstone_stairs_outer3", "weight": 25, "y": 90, "uvlock": true },
				{ "model": "block/sandstone_stairs_outer4", "weight": 25, "y": 90, "uvlock": true }
				],
        "facing=south,half=bottom,shape=outer_left": [ { "model": "block/sandstone_stairs_outer", "weight": 40 },
				{ "model": "block/sandstone_stairs_outer1", "weight": 25 },
				{ "model": "block/sandstone_stairs_outer2", "weight": 10 },
				{ "model": "block/sandstone_stairs_outer3", "weight": 25 },
				{ "model": "block/sandstone_stairs_outer4", "weight": 25 }
				],
        "facing=north,half=bottom,shape=outer_left": [ { "model": "block/sandstone_stairs_outer", "weight": 40, "y": 180, "uvlock": true },
				{ "model": "block/sandstone_stairs_outer1", "weight": 25, "y": 180, "uvlock": true },
				{ "model": "block/sandstone_stairs_outer2", "weight": 10, "y": 180, "uvlock": true },
				{ "model": "block/sandstone_stairs_outer3", "weight": 25, "y": 180, "uvlock": true },
				{ "model": "block/sandstone_stairs_outer4", "weight": 25, "y": 180, "uvlock": true }
				],
        "facing=east,half=bottom,shape=inner_right":  [ { "model": "block/sandstone_stairs_inner", "weight": 40 },
				{ "model": "block/sandstone_stairs_inner1", "weight": 25 },
				{ "model": "block/sandstone_stairs_inner2", "weight": 10 },
				{ "model": "block/sandstone_stairs_inner3", "weight": 25 },
				{ "model": "block/sandstone_stairs_inner4", "weight": 25 }
				],
        "facing=west,half=bottom,shape=inner_right":  [ { "model": "block/sandstone_stairs_inner", "weight": 40, "y": 180, "uvlock": true },
				{ "model": "block/sandstone_stairs_inner1", "weight": 25, "y": 180, "uvlock": true },
				{ "model": "block/sandstone_stairs_inner2", "weight": 10, "y": 180, "uvlock": true },
				{ "model": "block/sandstone_stairs_inner3", "weight": 25, "y": 180, "uvlock": true },
				{ "model": "block/sandstone_stairs_inner4", "weight": 25, "y": 180, "uvlock": true }
				],
        "facing=south,half=bottom,shape=inner_right": [ { "model": "block/sandstone_stairs_inner", "weight": 40, "y": 90, "uvlock": true },
				{ "model": "block/sandstone_stairs_inner1", "weight": 25, "y": 90, "uvlock": true },
				{ "model": "block/sandstone_stairs_inner2", "weight": 10, "y": 90, "uvlock": true },
				{ "model": "block/sandstone_stairs_inner3", "weight": 25, "y": 90, "uvlock": true },
				{ "model": "block/sandstone_stairs_inner4", "weight": 25, "y": 90, "uvlock": true }
				],
        "facing=north,half=bottom,shape=inner_right": [ { "model": "block/sandstone_stairs_inner", "weight": 40, "y": 270, "uvlock": true },
				{ "model": "block/sandstone_stairs_inner1", "weight": 25, "y": 270, "uvlock": true },
				{ "model": "block/sandstone_stairs_inner2", "weight": 10, "y": 270, "uvlock": true },
				{ "model": "block/sandstone_stairs_inner3", "weight": 25, "y": 270, "uvlock": true },
				{ "model": "block/sandstone_stairs_inner4", "weight": 25, "y": 270, "uvlock": true }
				],
        "facing=east,half=bottom,shape=inner_left":  [ { "model": "block/sandstone_stairs_inner", "weight": 40, "y": 270, "uvlock": true },
				{ "model": "block/sandstone_stairs_inner1", "weight": 25, "y": 270, "uvlock": true },
				{ "model": "block/sandstone_stairs_inner2", "weight": 10, "y": 270, "uvlock": true },
				{ "model": "block/sandstone_stairs_inner3", "weight": 25, "y": 270, "uvlock": true },
				{ "model": "block/sandstone_stairs_inner4", "weight": 25, "y": 270, "uvlock": true }
				],
        "facing=west,half=bottom,shape=inner_left":  [ { "model": "block/sandstone_stairs_inner", "weight": 40, "y": 90, "uvlock": true },
				{ "model": "block/sandstone_stairs_inner1", "weight": 25, "y": 90, "uvlock": true },
				{ "model": "block/sandstone_stairs_inner2", "weight": 10, "y": 90, "uvlock": true },
				{ "model": "block/sandstone_stairs_inner3", "weight": 25, "y": 90, "uvlock": true },
				{ "model": "block/sandstone_stairs_inner4", "weight": 25, "y": 90, "uvlock": true }
				],
        "facing=south,half=bottom,shape=inner_left": [ { "model": "block/sandstone_stairs_inner", "weight": 40 },
				{ "model": "block/sandstone_stairs_inner1", "weight": 25 },
				{ "model": "block/sandstone_stairs_inner2", "weight": 10 },
				{ "model": "block/sandstone_stairs_inner3", "weight": 25 },
				{ "model": "block/sandstone_stairs_inner4", "weight": 25 }
				],
        "facing=north,half=bottom,shape=inner_left": [ { "model": "block/sandstone_stairs_inner", "weight": 40, "y": 180, "uvlock": true },
				{ "model": "block/sandstone_stairs_inner1", "weight": 25, "y": 180, "uvlock": true },
				{ "model": "block/sandstone_stairs_inner2", "weight": 10, "y": 180, "uvlock": true },
				{ "model": "block/sandstone_stairs_inner3", "weight": 25, "y": 180, "uvlock": true },
				{ "model": "block/sandstone_stairs_inner4", "weight": 25, "y": 180, "uvlock": true }
				],
        "facing=east,half=top,shape=straight":  [ { "model": "block/sandstone_stairs", "weight": 40, "x": 180, "uvlock": true },
				{ "model": "block/sandstone_stairs1", "weight": 25, "x": 180, "uvlock": true },
				{ "model": "block/sandstone_stairs2", "weight": 10, "x": 180, "uvlock": true },
				{ "model": "block/sandstone_stairs3", "weight": 25, "x": 180, "uvlock": true },
				{ "model": "block/sandstone_stairs4", "weight": 25, "x": 180, "uvlock": true }
				],
        "facing=west,half=top,shape=straight":  [ { "model": "block/sandstone_stairs", "weight": 40, "x": 180, "y": 180, "uvlock": true },
				{ "model": "block/sandstone_stairs1", "weight": 25, "x": 180, "y": 180, "uvlock": true },
				{ "model": "block/sandstone_stairs2", "weight": 10, "x": 180, "y": 180, "uvlock": true },
				{ "model": "block/sandstone_stairs3", "weight": 25, "x": 180, "y": 180, "uvlock": true },
				{ "model": "block/sandstone_stairs4", "weight": 25, "x": 180, "y": 180, "uvlock": true }
				],
        "facing=south,half=top,shape=straight": [ { "model": "block/sandstone_stairs", "weight": 40, "x": 180, "y": 90, "uvlock": true },
				{ "model": "block/sandstone_stairs1", "weight": 25, "x": 180, "y": 90, "uvlock": true },
				{ "model": "block/sandstone_stairs2", "weight": 10, "x": 180, "y": 90, "uvlock": true },
				{ "model": "block/sandstone_stairs3", "weight": 25, "x": 180, "y": 90, "uvlock": true },
				{ "model": "block/sandstone_stairs4", "weight": 25, "x": 180, "y": 90, "uvlock": true }
				],
        "facing=north,half=top,shape=straight": [ { "model": "block/sandstone_stairs", "weight": 40, "x": 180, "y": 270, "uvlock": true },
				{ "model": "block/sandstone_stairs1", "weight": 25, "x": 180, "y": 270, "uvlock": true },
				{ "model": "block/sandstone_stairs2", "weight": 10, "x": 180, "y": 270, "uvlock": true },
				{ "model": "block/sandstone_stairs3", "weight": 25, "x": 180, "y": 270, "uvlock": true },
				{ "model": "block/sandstone_stairs4", "weight": 25, "x": 180, "y": 270, "uvlock": true }
				],
        "facing=east,half=top,shape=outer_right":  [ { "model": "block/sandstone_stairs_outer", "weight": 40, "x": 180, "y": 90, "uvlock": true },
				{ "model": "block/sandstone_stairs_outer1", "weight": 25, "x": 180, "y": 90, "uvlock": true },
				{ "model": "block/sandstone_stairs_outer2", "weight": 10, "x": 180, "y": 90, "uvlock": true },
				{ "model": "block/sandstone_stairs_outer3", "weight": 25, "x": 180, "y": 90, "uvlock": true },
				{ "model": "block/sandstone_stairs_outer4", "weight": 25, "x": 180, "y": 90, "uvlock": true }
				],
        "facing=west,half=top,shape=outer_right":  [ { "model": "block/sandstone_stairs_outer", "weight": 40, "x": 180, "y": 270, "uvlock": true },
				{ "model": "block/sandstone_stairs_outer1", "weight": 25, "x": 180, "y": 270, "uvlock": true },
				{ "model": "block/sandstone_stairs_outer2", "weight": 10, "x": 180, "y": 270, "uvlock": true },
				{ "model": "block/sandstone_stairs_outer3", "weight": 25, "x": 180, "y": 270, "uvlock": true },
				{ "model": "block/sandstone_stairs_outer4", "weight": 25, "x": 180, "y": 270, "uvlock": true }
				],
        "facing=south,half=top,shape=outer_right": [ { "model": "block/sandstone_stairs_outer", "weight": 40, "x": 180, "y": 180, "uvlock": true },
				{ "model": "block/sandstone_stairs_outer1", "weight": 25, "x": 180, "y": 180, "uvlock": true },
				{ "model": "block/sandstone_stairs_outer2", "weight": 10, "x": 180, "y": 180, "uvlock": true },
				{ "model": "block/sandstone_stairs_outer3", "weight": 25, "x": 180, "y": 180, "uvlock": true },
				{ "model": "block/sandstone_stairs_outer4", "weight": 25, "x": 180, "y": 180, "uvlock": true }
				],
        "facing=north,half=top,shape=outer_right": [ { "model": "block/sandstone_stairs_outer", "weight": 40, "x": 180, "uvlock": true },
				{ "model": "block/sandstone_stairs_outer1", "weight": 25, "x": 180, "uvlock": true },
				{ "model": "block/sandstone_stairs_outer2", "weight": 10, "x": 180, "uvlock": true },
				{ "model": "block/sandstone_stairs_outer3", "weight": 25, "x": 180, "uvlock": true },
				{ "model": "block/sandstone_stairs_outer4", "weight": 25, "x": 180, "uvlock": true }
				],
        "facing=east,half=top,shape=outer_left":  [ { "model": "block/sandstone_stairs_outer", "weight": 40, "x": 180, "uvlock": true },
				{ "model": "block/sandstone_stairs_outer1", "weight": 25, "x": 180, "uvlock": true },
				{ "model": "block/sandstone_stairs_outer2", "weight": 10, "x": 180, "uvlock": true },
				{ "model": "block/sandstone_stairs_outer3", "weight": 25, "x": 180, "uvlock": true },
				{ "model": "block/sandstone_stairs_outer4", "weight": 25, "x": 180, "uvlock": true }
				],
        "facing=west,half=top,shape=outer_left":  [ { "model": "block/sandstone_stairs_outer", "weight": 40, "x": 180, "y": 180, "uvlock": true },
				{ "model": "block/sandstone_stairs_outer1", "weight": 25, "x": 180, "y": 180, "uvlock": true },
				{ "model": "block/sandstone_stairs_outer2", "weight": 10, "x": 180, "y": 180, "uvlock": true },
				{ "model": "block/sandstone_stairs_outer3", "weight": 25, "x": 180, "y": 180, "uvlock": true },
				{ "model": "block/sandstone_stairs_outer4", "weight": 25, "x": 180, "y": 180, "uvlock": true }
				],
        "facing=south,half=top,shape=outer_left": [{ "model": "block/sandstone_stairs_outer", "weight": 40, "x": 180, "y": 90, "uvlock": true },
				{ "model": "block/sandstone_stairs_outer1", "weight": 25, "x": 180, "y": 90, "uvlock": true },
				{ "model": "block/sandstone_stairs_outer2", "weight": 10, "x": 180, "y": 90, "uvlock": true },
				{ "model": "block/sandstone_stairs_outer3", "weight": 25, "x": 180, "y": 90, "uvlock": true },
				{ "model": "block/sandstone_stairs_outer4", "weight": 25, "x": 180, "y": 90, "uvlock": true }
				],
        "facing=north,half=top,shape=outer_left": [ { "model": "block/sandstone_stairs_outer", "weight": 40, "x": 180, "y": 270, "uvlock": true },
				{ "model": "block/sandstone_stairs_outer1", "weight": 25, "x": 180, "y": 270, "uvlock": true },
				{ "model": "block/sandstone_stairs_outer2", "weight": 10, "x": 180, "y": 270, "uvlock": true },
				{ "model": "block/sandstone_stairs_outer3", "weight": 25, "x": 180, "y": 270, "uvlock": true },
				{ "model": "block/sandstone_stairs_outer4", "weight": 25, "x": 180, "y": 270, "uvlock": true }
				],
        "facing=east,half=top,shape=inner_right":  [ { "model": "block/sandstone_stairs_inner", "weight": 40, "x": 180, "y": 90, "uvlock": true },
				{ "model": "block/sandstone_stairs_inner1", "weight": 25, "x": 180, "y": 90, "uvlock": true },
				{ "model": "block/sandstone_stairs_inner2", "weight": 10, "x": 180, "y": 90, "uvlock": true },
				{ "model": "block/sandstone_stairs_inner3", "weight": 25, "x": 180, "y": 90, "uvlock": true },
				{ "model": "block/sandstone_stairs_inner4", "weight": 25, "x": 180, "y": 90, "uvlock": true }
				],
        "facing=west,half=top,shape=inner_right":  [ { "model": "block/sandstone_stairs_inner", "weight": 40, "x": 180, "y": 270, "uvlock": true },
				{ "model": "block/sandstone_stairs_inner1", "weight": 25, "x": 180, "y": 270, "uvlock": true },
				{ "model": "block/sandstone_stairs_inner2", "weight": 10, "x": 180, "y": 270, "uvlock": true },
				{ "model": "block/sandstone_stairs_inner3", "weight": 25, "x": 180, "y": 270, "uvlock": true },
				{ "model": "block/sandstone_stairs_inner4", "weight": 25, "x": 180, "y": 270, "uvlock": true }
				],
        "facing=south,half=top,shape=inner_right": [ { "model": "block/sandstone_stairs_inner", "weight": 40, "x": 180, "y": 180, "uvlock": true },
				{ "model": "block/sandstone_stairs_inner1", "weight": 25, "x": 180, "y": 180, "uvlock": true },
				{ "model": "block/sandstone_stairs_inner2", "weight": 10, "x": 180, "y": 180, "uvlock": true },
				{ "model": "block/sandstone_stairs_inner3", "weight": 25, "x": 180, "y": 180, "uvlock": true },
				{ "model": "block/sandstone_stairs_inner4", "weight": 25, "x": 180, "y": 180, "uvlock": true }
				],
        "facing=north,half=top,shape=inner_right": [ { "model": "block/sandstone_stairs_inner", "weight": 40, "x": 180, "uvlock": true },
				{ "model": "block/sandstone_stairs_inner1", "weight": 25, "x": 180, "uvlock": true },
				{ "model": "block/sandstone_stairs_inner2", "weight": 10, "x": 180, "uvlock": true },
				{ "model": "block/sandstone_stairs_inner3", "weight": 25, "x": 180, "uvlock": true },
				{ "model": "block/sandstone_stairs_inner4", "weight": 25, "x": 180, "uvlock": true }
				],
        "facing=east,half=top,shape=inner_left":  [ { "model": "block/sandstone_stairs_inner", "weight": 40, "x": 180, "uvlock": true },
				{ "model": "block/sandstone_stairs_inner1", "weight": 25, "x": 180, "uvlock": true },
				{ "model": "block/sandstone_stairs_inner2", "weight": 10, "x": 180, "uvlock": true },
				{ "model": "block/sandstone_stairs_inner3", "weight": 25, "x": 180, "uvlock": true },
				{ "model": "block/sandstone_stairs_inner4", "weight": 25, "x": 180, "uvlock": true }
				],
        "facing=west,half=top,shape=inner_left":  [ { "model": "block/sandstone_stairs_inner", "weight": 40, "x": 180, "y": 180, "uvlock": true },
				{ "model": "block/sandstone_stairs_inner1", "weight": 25, "x": 180, "y": 180, "uvlock": true },
				{ "model": "block/sandstone_stairs_inner2", "weight": 10, "x": 180, "y": 180, "uvlock": true },
				{ "model": "block/sandstone_stairs_inner3", "weight": 25, "x": 180, "y": 180, "uvlock": true },
				{ "model": "block/sandstone_stairs_inner4", "weight": 25, "x": 180, "y": 180, "uvlock": true }
				],
        "facing=south,half=top,shape=inner_left": [ { "model": "block/sandstone_stairs_inner", "weight": 40, "x": 180, "y": 90, "uvlock": true },
				{ "model": "block/sandstone_stairs_inner1", "weight": 25, "x": 180, "y": 90, "uvlock": true },
				{ "model": "block/sandstone_stairs_inner2", "weight": 10, "x": 180, "y": 90, "uvlock": true },
				{ "model": "block/sandstone_stairs_inner3", "weight": 25, "x": 180, "y": 90, "uvlock": true },
				{ "model": "block/sandstone_stairs_inner4", "weight": 25, "x": 180, "y": 90, "uvlock": true }
				],
        "facing=north,half=top,shape=inner_left": [ { "model": "block/sandstone_stairs_inner", "weight": 40, "x": 180, "y": 270, "uvlock": true },
				{ "model": "block/sandstone_stairs_inner1", "weight": 25, "x": 180, "y": 270, "uvlock": true },
				{ "model": "block/sandstone_stairs_inner2", "weight": 10, "x": 180, "y": 270, "uvlock": true },
				{ "model": "block/sandstone_stairs_inner3", "weight": 25, "x": 180, "y": 270, "uvlock": true },
				{ "model": "block/sandstone_stairs_inner4", "weight": 25, "x": 180, "y": 270, "uvlock": true }
				]
    }
}
