{
    "variants": {
        "facing=east,half=bottom,shape=straight":  [ { "model": "block/stone_stairs", "weight": 40 },
				{ "model": "block/stone_stairs1", "weight": 25 },
				{ "model": "block/stone_stairs2", "weight": 10 },
				{ "model": "block/stone_stairs3", "weight": 25 },
				{ "model": "block/stone_stairs4", "weight": 25 }
				],
        "facing=west,half=bottom,shape=straight":  [ { "model": "block/stone_stairs", "weight": 40, "y": 180, "uvlock": true },
				{ "model": "block/stone_stairs1", "weight": 25, "y": 180, "uvlock": true },
				{ "model": "block/stone_stairs2", "weight": 10, "y": 180, "uvlock": true },
				{ "model": "block/stone_stairs3", "weight": 25, "y": 180, "uvlock": true },
				{ "model": "block/stone_stairs4", "weight": 25, "y": 180, "uvlock": true }
				],
        "facing=south,half=bottom,shape=straight": [ { "model": "block/stone_stairs", "weight": 40, "y": 90, "uvlock": true },
				{ "model": "block/stone_stairs1", "weight": 25, "y": 90, "uvlock": true },
				{ "model": "block/stone_stairs2", "weight": 10, "y": 90, "uvlock": true },
				{ "model": "block/stone_stairs3", "weight": 25, "y": 90, "uvlock": true },
				{ "model": "block/stone_stairs4", "weight": 25, "y": 90, "uvlock": true }
				],
        "facing=north,half=bottom,shape=straight": [ { "model": "block/stone_stairs", "weight": 40, "y": 270, "uvlock": true },
				{ "model": "block/stone_stairs1", "weight": 25, "y": 270, "uvlock": true },
				{ "model": "block/stone_stairs2", "weight": 10, "y": 270, "uvlock": true },
				{ "model": "block/stone_stairs3", "weight": 25, "y": 270, "uvlock": true },
				{ "model": "block/stone_stairs4", "weight": 25, "y": 270, "uvlock": true }
				],
        "facing=east,half=bottom,shape=outer_right":  [ { "model": "block/stone_outer_stairs", "weight": 40 },
				{ "model": "block/stone_outer_stairs1", "weight": 25 },
				{ "model": "block/stone_outer_stairs2", "weight": 10 },
				{ "model": "block/stone_outer_stairs3", "weight": 25 },
				{ "model": "block/stone_outer_stairs4", "weight": 25 }
				],
        "facing=west,half=bottom,shape=outer_right":  [ { "model": "block/stone_outer_stairs", "weight": 40, "y": 180, "uvlock": true },
				{ "model": "block/stone_outer_stairs1", "weight": 25, "y": 180, "uvlock": true },
				{ "model": "block/stone_outer_stairs2", "weight": 10, "y": 180, "uvlock": true },
				{ "model": "block/stone_outer_stairs3", "weight": 25, "y": 180, "uvlock": true },
				{ "model": "block/stone_outer_stairs4", "weight": 25, "y": 180, "uvlock": true }
				],
        "facing=south,half=bottom,shape=outer_right": [ { "model": "block/stone_outer_stairs", "weight": 40, "y": 90, "uvlock": true },
				{ "model": "block/stone_outer_stairs1", "weight": 25, "y": 90, "uvlock": true },
				{ "model": "block/stone_outer_stairs2", "weight": 10, "y": 90, "uvlock": true },
				{ "model": "block/stone_outer_stairs3", "weight": 25, "y": 90, "uvlock": true },
				{ "model": "block/stone_outer_stairs4", "weight": 25, "y": 90, "uvlock": true }
				],
        "facing=north,half=bottom,shape=outer_right": [ { "model": "block/stone_outer_stairs", "weight": 40, "y": 270, "uvlock": true },
				{ "model": "block/stone_outer_stairs1", "weight": 25, "y": 270, "uvlock": true },
				{ "model": "block/stone_outer_stairs2", "weight": 10, "y": 270, "uvlock": true },
				{ "model": "block/stone_outer_stairs3", "weight": 25, "y": 270, "uvlock": true },
				{ "model": "block/stone_outer_stairs4", "weight": 25, "y": 270, "uvlock": true }
				],
        "facing=east,half=bottom,shape=outer_left":  [ { "model": "block/stone_outer_stairs", "weight": 40, "y": 270, "uvlock": true },
				{ "model": "block/stone_outer_stairs1", "weight": 25, "y": 270, "uvlock": true },
				{ "model": "block/stone_outer_stairs2", "weight": 10, "y": 270, "uvlock": true },
				{ "model": "block/stone_outer_stairs3", "weight": 25, "y": 270, "uvlock": true },
				{ "model": "block/stone_outer_stairs4", "weight": 25, "y": 270, "uvlock": true }
				],
        "facing=west,half=bottom,shape=outer_left":  [ { "model": "block/stone_outer_stairs", "weight": 40, "y": 90, "uvlock": true },
				{ "model": "block/stone_outer_stairs1", "weight": 25, "y": 90, "uvlock": true },
				{ "model": "block/stone_outer_stairs2", "weight": 10, "y": 90, "uvlock": true },
				{ "model": "block/stone_outer_stairs3", "weight": 25, "y": 90, "uvlock": true },
				{ "model": "block/stone_outer_stairs4", "weight": 25, "y": 90, "uvlock": true }
				],
        "facing=south,half=bottom,shape=outer_left": [ { "model": "block/stone_outer_stairs", "weight": 40 },
				{ "model": "block/stone_outer_stairs1", "weight": 25 },
				{ "model": "block/stone_outer_stairs2", "weight": 10 },
				{ "model": "block/stone_outer_stairs3", "weight": 25 },
				{ "model": "block/stone_outer_stairs4", "weight": 25 }
				],
        "facing=north,half=bottom,shape=outer_left": [ { "model": "block/stone_outer_stairs", "weight": 40, "y": 180, "uvlock": true },
				{ "model": "block/stone_outer_stairs1", "weight": 25, "y": 180, "uvlock": true },
				{ "model": "block/stone_outer_stairs2", "weight": 10, "y": 180, "uvlock": true },
				{ "model": "block/stone_outer_stairs3", "weight": 25, "y": 180, "uvlock": true },
				{ "model": "block/stone_outer_stairs4", "weight": 25, "y": 180, "uvlock": true }
				],
        "facing=east,half=bottom,shape=inner_right":  [ { "model": "block/stone_inner_stairs", "weight": 40 },
				{ "model": "block/stone_inner_stairs1", "weight": 25 },
				{ "model": "block/stone_inner_stairs2", "weight": 10 },
				{ "model": "block/stone_inner_stairs3", "weight": 25 },
				{ "model": "block/stone_inner_stairs4", "weight": 25 }
				],
        "facing=west,half=bottom,shape=inner_right":  [ { "model": "block/stone_inner_stairs", "weight": 40, "y": 180, "uvlock": true },
				{ "model": "block/stone_inner_stairs1", "weight": 25, "y": 180, "uvlock": true },
				{ "model": "block/stone_inner_stairs2", "weight": 10, "y": 180, "uvlock": true },
				{ "model": "block/stone_inner_stairs3", "weight": 25, "y": 180, "uvlock": true },
				{ "model": "block/stone_inner_stairs4", "weight": 25, "y": 180, "uvlock": true }
				],
        "facing=south,half=bottom,shape=inner_right": [ { "model": "block/stone_inner_stairs", "weight": 40, "y": 90, "uvlock": true },
				{ "model": "block/stone_inner_stairs1", "weight": 25, "y": 90, "uvlock": true },
				{ "model": "block/stone_inner_stairs2", "weight": 10, "y": 90, "uvlock": true },
				{ "model": "block/stone_inner_stairs3", "weight": 25, "y": 90, "uvlock": true },
				{ "model": "block/stone_inner_stairs4", "weight": 25, "y": 90, "uvlock": true }
				],
        "facing=north,half=bottom,shape=inner_right": [ { "model": "block/stone_inner_stairs", "weight": 40, "y": 270, "uvlock": true },
				{ "model": "block/stone_inner_stairs1", "weight": 25, "y": 270, "uvlock": true },
				{ "model": "block/stone_inner_stairs2", "weight": 10, "y": 270, "uvlock": true },
				{ "model": "block/stone_inner_stairs3", "weight": 25, "y": 270, "uvlock": true },
				{ "model": "block/stone_inner_stairs4", "weight": 25, "y": 270, "uvlock": true }
				],
        "facing=east,half=bottom,shape=inner_left":  [ { "model": "block/stone_inner_stairs", "weight": 40, "y": 270, "uvlock": true },
				{ "model": "block/stone_inner_stairs1", "weight": 25, "y": 270, "uvlock": true },
				{ "model": "block/stone_inner_stairs2", "weight": 10, "y": 270, "uvlock": true },
				{ "model": "block/stone_inner_stairs3", "weight": 25, "y": 270, "uvlock": true },
				{ "model": "block/stone_inner_stairs4", "weight": 25, "y": 270, "uvlock": true }
				],
        "facing=west,half=bottom,shape=inner_left":  [ { "model": "block/stone_inner_stairs", "weight": 40, "y": 90, "uvlock": true },
				{ "model": "block/stone_inner_stairs1", "weight": 25, "y": 90, "uvlock": true },
				{ "model": "block/stone_inner_stairs2", "weight": 10, "y": 90, "uvlock": true },
				{ "model": "block/stone_inner_stairs3", "weight": 25, "y": 90, "uvlock": true },
				{ "model": "block/stone_inner_stairs4", "weight": 25, "y": 90, "uvlock": true }
				],
        "facing=south,half=bottom,shape=inner_left": [ { "model": "block/stone_inner_stairs", "weight": 40 },
				{ "model": "block/stone_inner_stairs1", "weight": 25 },
				{ "model": "block/stone_inner_stairs2", "weight": 10 },
				{ "model": "block/stone_inner_stairs3", "weight": 25 },
				{ "model": "block/stone_inner_stairs4", "weight": 25 }
				],
        "facing=north,half=bottom,shape=inner_left": [ { "model": "block/stone_inner_stairs", "weight": 40, "y": 180, "uvlock": true },
				{ "model": "block/stone_inner_stairs1", "weight": 25, "y": 180, "uvlock": true },
				{ "model": "block/stone_inner_stairs2", "weight": 10, "y": 180, "uvlock": true },
				{ "model": "block/stone_inner_stairs3", "weight": 25, "y": 180, "uvlock": true },
				{ "model": "block/stone_inner_stairs4", "weight": 25, "y": 180, "uvlock": true }
				],
        "facing=east,half=top,shape=straight":  [ { "model": "block/stone_stairs", "weight": 40, "x": 180, "uvlock": true },
				{ "model": "block/stone_stairs1", "weight": 25, "x": 180, "uvlock": true },
				{ "model": "block/stone_stairs2", "weight": 10, "x": 180, "uvlock": true },
				{ "model": "block/stone_stairs3", "weight": 25, "x": 180, "uvlock": true },
				{ "model": "block/stone_stairs4", "weight": 25, "x": 180, "uvlock": true }
				],
        "facing=west,half=top,shape=straight":  [ { "model": "block/stone_stairs", "weight": 40, "x": 180, "y": 180, "uvlock": true },
				{ "model": "block/stone_stairs1", "weight": 25, "x": 180, "y": 180, "uvlock": true },
				{ "model": "block/stone_stairs2", "weight": 10, "x": 180, "y": 180, "uvlock": true },
				{ "model": "block/stone_stairs3", "weight": 25, "x": 180, "y": 180, "uvlock": true },
				{ "model": "block/stone_stairs4", "weight": 25, "x": 180, "y": 180, "uvlock": true }
				],
        "facing=south,half=top,shape=straight": [ { "model": "block/stone_stairs", "weight": 40, "x": 180, "y": 90, "uvlock": true },
				{ "model": "block/stone_stairs1", "weight": 25, "x": 180, "y": 90, "uvlock": true },
				{ "model": "block/stone_stairs2", "weight": 10, "x": 180, "y": 90, "uvlock": true },
				{ "model": "block/stone_stairs3", "weight": 25, "x": 180, "y": 90, "uvlock": true },
				{ "model": "block/stone_stairs4", "weight": 25, "x": 180, "y": 90, "uvlock": true }
				],
        "facing=north,half=top,shape=straight": [ { "model": "block/stone_stairs", "weight": 40, "x": 180, "y": 270, "uvlock": true },
				{ "model": "block/stone_stairs1", "weight": 25, "x": 180, "y": 270, "uvlock": true },
				{ "model": "block/stone_stairs2", "weight": 10, "x": 180, "y": 270, "uvlock": true },
				{ "model": "block/stone_stairs3", "weight": 25, "x": 180, "y": 270, "uvlock": true },
				{ "model": "block/stone_stairs4", "weight": 25, "x": 180, "y": 270, "uvlock": true }
				],
        "facing=east,half=top,shape=outer_right":  [ { "model": "block/stone_outer_stairs", "weight": 40, "x": 180, "y": 90, "uvlock": true },
				{ "model": "block/stone_outer_stairs1", "weight": 25, "x": 180, "y": 90, "uvlock": true },
				{ "model": "block/stone_outer_stairs2", "weight": 10, "x": 180, "y": 90, "uvlock": true },
				{ "model": "block/stone_outer_stairs3", "weight": 25, "x": 180, "y": 90, "uvlock": true },
				{ "model": "block/stone_outer_stairs4", "weight": 25, "x": 180, "y": 90, "uvlock": true }
				],
        "facing=west,half=top,shape=outer_right":  [ { "model": "block/stone_outer_stairs", "weight": 40, "x": 180, "y": 270, "uvlock": true },
				{ "model": "block/stone_outer_stairs1", "weight": 25, "x": 180, "y": 270, "uvlock": true },
				{ "model": "block/stone_outer_stairs2", "weight": 10, "x": 180, "y": 270, "uvlock": true },
				{ "model": "block/stone_outer_stairs3", "weight": 25, "x": 180, "y": 270, "uvlock": true },
				{ "model": "block/stone_outer_stairs4", "weight": 25, "x": 180, "y": 270, "uvlock": true }
				],
        "facing=south,half=top,shape=outer_right": [ { "model": "block/stone_outer_stairs", "weight": 40, "x": 180, "y": 180, "uvlock": true },
				{ "model": "block/stone_outer_stairs1", "weight": 25, "x": 180, "y": 180, "uvlock": true },
				{ "model": "block/stone_outer_stairs2", "weight": 10, "x": 180, "y": 180, "uvlock": true },
				{ "model": "block/stone_outer_stairs3", "weight": 25, "x": 180, "y": 180, "uvlock": true },
				{ "model": "block/stone_outer_stairs4", "weight": 25, "x": 180, "y": 180, "uvlock": true }
				],
        "facing=north,half=top,shape=outer_right": [ { "model": "block/stone_outer_stairs", "weight": 40, "x": 180, "uvlock": true },
				{ "model": "block/stone_outer_stairs1", "weight": 25, "x": 180, "uvlock": true },
				{ "model": "block/stone_outer_stairs2", "weight": 10, "x": 180, "uvlock": true },
				{ "model": "block/stone_outer_stairs3", "weight": 25, "x": 180, "uvlock": true },
				{ "model": "block/stone_outer_stairs4", "weight": 25, "x": 180, "uvlock": true }
				],
        "facing=east,half=top,shape=outer_left":  [ { "model": "block/stone_outer_stairs", "weight": 40, "x": 180, "uvlock": true },
				{ "model": "block/stone_outer_stairs1", "weight": 25, "x": 180, "uvlock": true },
				{ "model": "block/stone_outer_stairs2", "weight": 10, "x": 180, "uvlock": true },
				{ "model": "block/stone_outer_stairs3", "weight": 25, "x": 180, "uvlock": true },
				{ "model": "block/stone_outer_stairs4", "weight": 25, "x": 180, "uvlock": true }
				],
        "facing=west,half=top,shape=outer_left":  [ { "model": "block/stone_outer_stairs", "weight": 40, "x": 180, "y": 180, "uvlock": true },
				{ "model": "block/stone_outer_stairs1", "weight": 25, "x": 180, "y": 180, "uvlock": true },
				{ "model": "block/stone_outer_stairs2", "weight": 10, "x": 180, "y": 180, "uvlock": true },
				{ "model": "block/stone_outer_stairs3", "weight": 25, "x": 180, "y": 180, "uvlock": true },
				{ "model": "block/stone_outer_stairs4", "weight": 25, "x": 180, "y": 180, "uvlock": true }
				],
        "facing=south,half=top,shape=outer_left": [{ "model": "block/stone_outer_stairs", "weight": 40, "x": 180, "y": 90, "uvlock": true },
				{ "model": "block/stone_outer_stairs1", "weight": 25, "x": 180, "y": 90, "uvlock": true },
				{ "model": "block/stone_outer_stairs2", "weight": 10, "x": 180, "y": 90, "uvlock": true },
				{ "model": "block/stone_outer_stairs3", "weight": 25, "x": 180, "y": 90, "uvlock": true },
				{ "model": "block/stone_outer_stairs4", "weight": 25, "x": 180, "y": 90, "uvlock": true }
				],
        "facing=north,half=top,shape=outer_left": [ { "model": "block/stone_outer_stairs", "weight": 40, "x": 180, "y": 270, "uvlock": true },
				{ "model": "block/stone_outer_stairs1", "weight": 25, "x": 180, "y": 270, "uvlock": true },
				{ "model": "block/stone_outer_stairs2", "weight": 10, "x": 180, "y": 270, "uvlock": true },
				{ "model": "block/stone_outer_stairs3", "weight": 25, "x": 180, "y": 270, "uvlock": true },
				{ "model": "block/stone_outer_stairs4", "weight": 25, "x": 180, "y": 270, "uvlock": true }
				],
        "facing=east,half=top,shape=inner_right":  [ { "model": "block/stone_inner_stairs", "weight": 40, "x": 180, "y": 90, "uvlock": true },
				{ "model": "block/stone_inner_stairs1", "weight": 25, "x": 180, "y": 90, "uvlock": true },
				{ "model": "block/stone_inner_stairs2", "weight": 10, "x": 180, "y": 90, "uvlock": true },
				{ "model": "block/stone_inner_stairs3", "weight": 25, "x": 180, "y": 90, "uvlock": true },
				{ "model": "block/stone_inner_stairs4", "weight": 25, "x": 180, "y": 90, "uvlock": true }
				],
        "facing=west,half=top,shape=inner_right":  [ { "model": "block/stone_inner_stairs", "weight": 40, "x": 180, "y": 270, "uvlock": true },
				{ "model": "block/stone_inner_stairs1", "weight": 25, "x": 180, "y": 270, "uvlock": true },
				{ "model": "block/stone_inner_stairs2", "weight": 10, "x": 180, "y": 270, "uvlock": true },
				{ "model": "block/stone_inner_stairs3", "weight": 25, "x": 180, "y": 270, "uvlock": true },
				{ "model": "block/stone_inner_stairs4", "weight": 25, "x": 180, "y": 270, "uvlock": true }
				],
        "facing=south,half=top,shape=inner_right": [ { "model": "block/stone_inner_stairs", "weight": 40, "x": 180, "y": 180, "uvlock": true },
				{ "model": "block/stone_inner_stairs1", "weight": 25, "x": 180, "y": 180, "uvlock": true },
				{ "model": "block/stone_inner_stairs2", "weight": 10, "x": 180, "y": 180, "uvlock": true },
				{ "model": "block/stone_inner_stairs3", "weight": 25, "x": 180, "y": 180, "uvlock": true },
				{ "model": "block/stone_inner_stairs4", "weight": 25, "x": 180, "y": 180, "uvlock": true }
				],
        "facing=north,half=top,shape=inner_right": [ { "model": "block/stone_inner_stairs", "weight": 40, "x": 180, "uvlock": true },
				{ "model": "block/stone_inner_stairs1", "weight": 25, "x": 180, "uvlock": true },
				{ "model": "block/stone_inner_stairs2", "weight": 10, "x": 180, "uvlock": true },
				{ "model": "block/stone_inner_stairs3", "weight": 25, "x": 180, "uvlock": true },
				{ "model": "block/stone_inner_stairs4", "weight": 25, "x": 180, "uvlock": true }
				],
        "facing=east,half=top,shape=inner_left":  [ { "model": "block/stone_inner_stairs", "weight": 40, "x": 180, "uvlock": true },
				{ "model": "block/stone_inner_stairs1", "weight": 25, "x": 180, "uvlock": true },
				{ "model": "block/stone_inner_stairs2", "weight": 10, "x": 180, "uvlock": true },
				{ "model": "block/stone_inner_stairs3", "weight": 25, "x": 180, "uvlock": true },
				{ "model": "block/stone_inner_stairs4", "weight": 25, "x": 180, "uvlock": true }
				],
        "facing=west,half=top,shape=inner_left":  [ { "model": "block/stone_inner_stairs", "weight": 40, "x": 180, "y": 180, "uvlock": true },
				{ "model": "block/stone_inner_stairs1", "weight": 25, "x": 180, "y": 180, "uvlock": true },
				{ "model": "block/stone_inner_stairs2", "weight": 10, "x": 180, "y": 180, "uvlock": true },
				{ "model": "block/stone_inner_stairs3", "weight": 25, "x": 180, "y": 180, "uvlock": true },
				{ "model": "block/stone_inner_stairs4", "weight": 25, "x": 180, "y": 180, "uvlock": true }
				],
        "facing=south,half=top,shape=inner_left": [ { "model": "block/stone_inner_stairs", "weight": 40, "x": 180, "y": 90, "uvlock": true },
				{ "model": "block/stone_inner_stairs1", "weight": 25, "x": 180, "y": 90, "uvlock": true },
				{ "model": "block/stone_inner_stairs2", "weight": 10, "x": 180, "y": 90, "uvlock": true },
				{ "model": "block/stone_inner_stairs3", "weight": 25, "x": 180, "y": 90, "uvlock": true },
				{ "model": "block/stone_inner_stairs4", "weight": 25, "x": 180, "y": 90, "uvlock": true }
				],
        "facing=north,half=top,shape=inner_left": [ { "model": "block/stone_inner_stairs", "weight": 40, "x": 180, "y": 270, "uvlock": true },
				{ "model": "block/stone_inner_stairs1", "weight": 25, "x": 180, "y": 270, "uvlock": true },
				{ "model": "block/stone_inner_stairs2", "weight": 10, "x": 180, "y": 270, "uvlock": true },
				{ "model": "block/stone_inner_stairs3", "weight": 25, "x": 180, "y": 270, "uvlock": true },
				{ "model": "block/stone_inner_stairs4", "weight": 25, "x": 180, "y": 270, "uvlock": true }
				]
    }
}
