{
    "variants": {
        "": [
			{ "model": "block/white_terracotta", "weight": 65 },
            { "model": "block/white_terracotta", "x": 90, "weight": 65  },
            { "model": "block/white_terracotta", "x": 180, "weight": 65  },
            { "model": "block/white_terracotta", "x": 270, "weight": 65  },
            { "model": "block/white_terracotta", "y": 90, "weight": 65  },
            { "model": "block/white_terracotta", "y": 90, "x": 90, "weight": 65  },
            { "model": "block/white_terracotta", "y": 90, "x": 180, "weight": 65  },
            { "model": "block/white_terracotta", "y": 90, "x": 270, "weight": 65  },
            { "model": "block/white_terracotta", "y": 180, "weight": 65  },
            { "model": "block/white_terracotta", "y": 180, "x": 90, "weight": 65  },
            { "model": "block/white_terracotta", "y": 180, "x": 180, "weight": 65  },
            { "model": "block/white_terracotta", "y": 180, "x": 270, "weight": 65  },
            { "model": "block/white_terracotta", "y": 270, "weight": 65  },
            { "model": "block/white_terracotta", "y": 270, "x": 90, "weight": 65  },
            { "model": "block/white_terracotta", "y": 270, "x": 180, "weight": 65  },
            { "model": "block/white_terracotta", "y": 270, "x": 270, "weight": 65  },
			{ "model": "block/white_terracotta1", "weight": 35 },
			{ "model": "block/white_terracotta1", "x": 90, "weight": 35  },
            { "model": "block/white_terracotta1", "x": 180, "weight": 35  },
            { "model": "block/white_terracotta1", "x": 270, "weight": 35  },
            { "model": "block/white_terracotta1", "y": 90, "weight": 35 },
            { "model": "block/white_terracotta1", "y": 90, "x": 90, "weight": 35  },
            { "model": "block/white_terracotta1", "y": 90, "x": 180, "weight": 35  },
            { "model": "block/white_terracotta1", "y": 90, "x": 270, "weight": 35  },
            { "model": "block/white_terracotta1", "y": 180, "weight": 35  },
            { "model": "block/white_terracotta1", "y": 180, "x": 90, "weight": 35  },
            { "model": "block/white_terracotta1", "y": 180, "x": 180, "weight": 35  },
            { "model": "block/white_terracotta1", "y": 180, "x": 270, "weight": 35  },
            { "model": "block/white_terracotta1", "y": 270, "weight": 35  },
            { "model": "block/white_terracotta1", "y": 270, "x": 90, "weight": 35  },
            { "model": "block/white_terracotta1", "y": 270, "x": 180, "weight": 35  },
            { "model": "block/white_terracotta1", "y": 270, "x": 270, "weight": 35  }
			]
    }
}
