{
    "variants": {
        "": [
			{ "model": "block/white_concrete", "weight": 65 },
            { "model": "block/white_concrete", "x": 90 },
            { "model": "block/white_concrete", "x": 180 },
            { "model": "block/white_concrete", "x": 270 },
            { "model": "block/white_concrete", "y": 90 },
            { "model": "block/white_concrete", "y": 90, "x": 90 },
            { "model": "block/white_concrete", "y": 90, "x": 180 },
            { "model": "block/white_concrete", "y": 90, "x": 270 },
            { "model": "block/white_concrete", "y": 180 },
            { "model": "block/white_concrete", "y": 180, "x": 90 },
            { "model": "block/white_concrete", "y": 180, "x": 180 },
            { "model": "block/white_concrete", "y": 180, "x": 270 },
            { "model": "block/white_concrete", "y": 270 },
            { "model": "block/white_concrete", "y": 270, "x": 90 },
            { "model": "block/white_concrete", "y": 270, "x": 180 },
            { "model": "block/white_concrete", "y": 270, "x": 270 },
			{ "model": "block/white_concrete1", "weight": 35 },
			{ "model": "block/white_concrete1", "x": 90 },
            { "model": "block/white_concrete1", "x": 180 },
            { "model": "block/white_concrete1", "x": 270 },
            { "model": "block/white_concrete1", "y": 90 },
            { "model": "block/white_concrete1", "y": 90, "x": 90 },
            { "model": "block/white_concrete1", "y": 90, "x": 180 },
            { "model": "block/white_concrete1", "y": 90, "x": 270 },
            { "model": "block/white_concrete1", "y": 180 },
            { "model": "block/white_concrete1", "y": 180, "x": 90 },
            { "model": "block/white_concrete1", "y": 180, "x": 180 },
            { "model": "block/white_concrete1", "y": 180, "x": 270 },
            { "model": "block/white_concrete1", "y": 270 },
            { "model": "block/white_concrete1", "y": 270, "x": 90 },
            { "model": "block/white_concrete1", "y": 270, "x": 180 },
            { "model": "block/white_concrete1", "y": 270, "x": 270 }
        ]
    }
}
