{
	"__comment": "Designed by JermsyBoy with Cubik Studio - https://cubik.studio",
	"textures": {
		"particle": "block/bamboo_stage0",
		"texture": "block/bamboo_stage0",
		"cross": "block/bamboo_sapling_leaves"
	},
	"elements": [ 	 
		{
			"__comment": "Box1",
			"from": [ 7, 0, 7 ],
			"to": [ 9, 15, 9 ],
			"faces": {
				"down": { "uv": [ 14, 0, 16, 2 ], "texture": "#texture" },
				"up": { "uv": [ 14, 0, 16, 2 ], "texture": "#texture" },
				"north": { "uv": [ 7, 1, 9, 16 ], "texture": "#texture" },
				"south": { "uv": [ 7, 1, 9, 16 ], "texture": "#texture" },
				"west": { "uv": [ 7, 1, 9, 16 ], "texture": "#texture" },
				"east": { "uv": [ 7, 1, 9, 16 ], "texture": "#texture" }
			}
		},
        {   "from": [ 0.8, 0, 8 ],
            "to": [ 15.2, 16, 8 ],
            "rotation": { "origin": [ 8, 8, 8 ], "axis": "y", "angle": 45, "rescale": true },
            "shade": false,
            "faces": {
                "north": { "uv": [ 0, 0, 16, 16 ], "texture": "#cross" },
                "south": { "uv": [ 0, 0, 16, 16 ], "texture": "#cross" }
            }
        },
        {   "from": [ 8, 0, 0.8 ],
            "to": [ 8, 16, 15.2 ],
            "rotation": { "origin": [ 8, 8, 8 ], "axis": "y", "angle": 45, "rescale": true },
            "shade": false,
            "faces": {
                "west": { "uv": [ 0, 0, 16, 16 ], "texture": "#cross" },
                "east": { "uv": [ 0, 0, 16, 16 ], "texture": "#cross" }
            }
        }
	]
}