{
    "__comment": "Model generated using MrCrayfish's Model Creator (http://mrcrayfish.com/modelcreator/)",
"ambientocclusion": false,
    "textures": {
	    "particle": "block/door_birch_upper",
        "0": "block/door_birch_lower",
        "1": "block/door_birch_upper"
    },
    "elements": [
        {
            "name": "Cube",
            "from": [ 0.0, 0.0, 0.0 ], 
            "to": [ 3.0, 16.0, 3.0 ], 
            "faces": {
                "north": { "texture": "#0", "uv": [ 13.0, 0.0, 16.0, 16.0 ] },
                "east": { "texture": "#0", "uv": [ 13.0, 0.0, 16.0, 16.0 ] },
                "south": { "texture": "#0", "uv": [ 16.0, 0.0, 13.0, 16.0 ] },
                "west": { "texture": "#0", "uv": [ 16.0, 0.0, 13.0, 16.0 ] },
                "down": { "texture": "#1", "uv": [ 16.0, 0.0, 13.0, 3.0 ], "rotation": 270 }
            }
        },
        {
            "name": "Cube",
            "from": [ 0.0, 0.0, 13.0 ], 
            "to": [ 3.0, 16.0, 16.0 ], 
            "faces": {
                "north": { "texture": "#0", "uv": [ 13.0, 0.0, 16.0, 16.0 ] },
                "east": { "texture": "#0", "uv": [ 0.0, 0.0, 3.0, 16.0 ] },
                "south": { "texture": "#0", "uv": [ 13.0, 0.0, 16.0, 16.0 ] },
                "west": { "texture": "#0", "uv": [ 3.0, 0.0, 0.0, 16.0 ] },
                "down": { "texture": "#1", "uv": [ 16.0, 0.0, 13.0, 3.0 ], "rotation": 90 }
            }
        },
        {
            "name": "Cube",
            "from": [ 0.0, 0.0, 3.0 ], 
            "to": [ 3.0, 12.0, 13.0 ], 
            "faces": {
                "north": { "texture": "#0", "uv": [ 13.0, 4.0, 16.0, 16.0 ] },
                "east": { "texture": "#0", "uv": [ 3.0, 4.0, 13.0, 16.0 ] },
                "south": { "texture": "#0", "uv": [ 16.0, 4.0, 13.0, 16.0 ] },
                "west": { "texture": "#0", "uv": [ 13.0, 4.0, 3.0, 16.0 ] },
                "up": { "texture": "#1", "uv": [ 13.0, 0.0, 3.0, 3.0 ], "rotation": 90 },
                "down": { "texture": "#1", "uv": [ 13.0, 0.0, 3.0, 3.0 ], "rotation": 90 }
            }
        },
        {
            "name": "Cube",
            "from": [ 1.5, 12.0, 3.0 ], 
            "to": [ 1.5, 16.0, 13.0 ], 
            "faces": {
                "north": { "texture": "#-1", "uv": [ 4.0, 0.0, 4.0, 4.0 ] },
                "east": { "texture": "#0", "uv": [ 3.0, 0.0, 13.0, 4.0 ] },
                "south": { "texture": "#-1", "uv": [ 0.0, 0.0, 0.0, 4.0 ] },
                "west": { "texture": "#0", "uv": [ 13.0, 0.0, 3.0, 4.0 ] },
                "up": { "texture": "#-1", "uv": [ 0.0, 0.0, 0.0, 10.0 ] },
                "down": { "texture": "#-1", "uv": [ 0.0, 0.0, 0.0, 10.0 ] }
            }
        }
    ]
}